"id","object","class","dim","columns","bytes","sha256","source","eh_id","zenodo_doi"
"coefBlup","coefBlup","data.frame","319608x2","CpGmarker|CoefficientTraining",3666216,"7c454d58b00146be02f2e96a7a824fa873947093446c3ddacf717296e1145deb","git:isglobal-brge/methylclock@main:data/","EH7367",NA
"coefBohlin","coefBohlin","data.frame","97x2","CpGmarker|CoefficientTraining",1598,"aab45de10238a6810defef113c1541c88f86bf1bb02fc960b620b2c675885eaf","git:isglobal-brge/methylclock@main:data/","EH6069",NA
"coefDunedinPACE","coefDunedinPACE","data.frame","174x3","CpGmarker|CoefficientTraining|Means",3596,"0d9548eb281e9d13ca03ce1e4d7dfd2967462b2adf5cce37f107fb8f29e164df","git:isglobal-brge/methylclock@main:data/","EH10460","10.5281/zenodo.21840402"
"coefDunedinPACEGS","coefDunedinPACEGS","data.frame","20000x2","CpGmarker|MeansGS",221752,"42711fdaa6c8895c63019e002805896b8b0c8cc44a75de3254ac48a4bdd74925","git:isglobal-brge/methylclock@main:data/","EH10461","10.5281/zenodo.21840402"
"coefEN","coefEN","data.frame","515x2","CpGmarker|CoefficientTraining",6400,"5bdbdba55d716a6ad08d8a368e98a296c132c54505c7daa83eea58b265f10501","git:isglobal-brge/methylclock@main:data/","EH7368",NA
"coefEPIC","coefEPIC","tbl_df","177x2","CpGmarker|CoefficientTraining",2476,"ed568b0c8d775b99be0e12ae272d3085bd213cc578a6a0acadc2a8b55ea6f702","git:isglobal-brge/methylclock@main:data/","EH7369",NA
"coefHannum","coefHannum","data.frame","71x6","CpGmarker|Chrom|Pos|Genes|CpG.Island|CoefficientTraining",1892,"32b48ab1de9395e498f1a185429d57e71720cac082da3a4c275ebf6b47c841ce","git:isglobal-brge/methylclock@main:data/","EH6070",NA
"coefHorvath","coefHorvath","data.frame","354x23","CpGmarker|CoefficientTraining|CoefficientTrainingShrunk|varByCpG|minByCpG|maxByCpG|medianByCpG|medianByCpGYoung|medianByCpGOld|Gene_ID|GenomeBuild|Chr|MapInfo|SourceVersion|TSS_Coordinate|Gene_Strand|Symbol|Synonym|Accession|GID|Annotation|Product|Marginal.Age.Relationship",31820,"41abd8df858869e96118e14d0e94d8e610e3113c119a8501c109997bd10a70dd","git:isglobal-brge/methylclock@main:data/","EH6071",NA
"coefKnightGA","coefKnightGA","data.frame","149x2","CpGmarker|CoefficientTraining",2016,"9fee30811a436fc16d8f0a11cb9eeb22d698b75f1912d7d77c044e6ebd9eaaa1","git:isglobal-brge/methylclock@main:data/","EH6072",NA
"coefLeeGA","coefLeeGA","data.frame","1126x5","CpGmarker|Coefficient_RPC|Coefficient_CPC|Coefficient_refined_RPC|Coefficient_sex_classifier",17860,"db8b4eaeee0c81eeb15ef3cea6fc6a12be04559950a3b32ef4b31d0ca5d90970","git:isglobal-brge/methylclock@main:data/","EH6073",NA
"coefLevine","coefLevine","data.frame","514x9","CpGmarker|Chromosome|Map.Info|Gene.Symbol|Entrez.ID|CoefficientTraining|Univariate.Age.Correlation|Horvath.Overlap|Hannum.Overlap",16580,"978aa7ac2be8323f8a3b4ffe3ce2240cd932ca1f32dc74a32961362d5af02b4a","git:isglobal-brge/methylclock@main:data/","EH6074",NA
"coefMayneGA","coefMayneGA","data.frame","63x6","CpGmarker|CoefficientTraining|Gene|Chromosome|Position|Correlation.with.GA",2268,"369e4b46ad86b4d9aea166ec48d8d6abfc1b63f94ae2f873c67c582c3a344146","git:isglobal-brge/methylclock@main:data/","EH6075",NA
"coefNEOaPMA450K","coefNEOaPMA450K","data.frame","410x2","CpGmarker|CoefficientTraining",5208,"ebaebd2e379f45433454a4448e80d6407bbc9f5a5428fd27471a76dc54a28660","git:isglobal-brge/methylclock@main:data/","EH10462","10.5281/zenodo.21840402"
"coefNEOaPMAEPIC","coefNEOaPMAEPIC","data.frame","523x2","CpGmarker|CoefficientTraining",6508,"6e58d79caf2fbf86e3d5b06ece81c3a36c2e9fccb96b6a6469fa32b7c7e5a06a","git:isglobal-brge/methylclock@main:data/","EH10463","10.5281/zenodo.21840402"
"coefNEOaPNA450K","coefNEOaPNA450K","data.frame","304x2","CpGmarker|CoefficientTraining",3976,"b9b1f1e7a26e8f93ebc4e35ef2d6bf3126fce9c7db08d6d20932880c92874f11","git:isglobal-brge/methylclock@main:data/","EH10464","10.5281/zenodo.21840402"
"coefNEOaPNAEPIC","coefNEOaPNAEPIC","data.frame","510x2","CpGmarker|CoefficientTraining",6364,"e8b1382fea966fe6d896d82ee8980d156a1e60fce0d75c96743f7fbc8ddf125d","git:isglobal-brge/methylclock@main:data/","EH10465","10.5281/zenodo.21840402"
"coefPedBE","coefPedBE","data.frame","95x4","CpGmarker|CoefficientTraining|corAgeTraining|corAgeTest",2848,"0b6db7f361ce8b6d807170ff76af498676bc8103046f0bcc4c5bfd6b27718d25","git:isglobal-brge/methylclock@main:data/","EH6076",NA
"coefSkin","coefSkin","data.frame","392x2","CpGmarker|CoefficientTraining",4936,"1d076256cad0865ac07e489de9f8316d8df6283a44996ca343fb1bfbb07795a2","git:isglobal-brge/methylclock@main:data/","EH6077",NA
"coefTL","coefTL","data.frame","141x22","CpGmarker|CoefficientTraining|CHR|bp19|SourceSeq|Strand|Probe.SNP.based.on.Illumina.annotation|Gene|location|Relation.to..CpGIsland|Probe.SNP.based.on.1000.Genome|SNP|CHR.SNP|bp.SNP|ALLELE|BSGS.P|BSGS.EFFECT|BSGS.H2|LBC.P|LBC.EFFECT|LBC.R2|mQTL",10104,"b9d8bbfbafc3c574cea5fadea2f74bd6c5ba36960ebd8326f174b3cb47bccd41","git:isglobal-brge/methylclock@main:data/","EH6078",NA
"coefWu","coefWu","data.frame","112x8","CpGmarker|CoefficientTraining|GeneID|GenomeBuild|Chr|MapInfo|UGRepAcc|Symbol",4117,"4ac6365c05bf8182ddbd21945a6afa08580cdf693d23caef03baa4482834ec9a","git:isglobal-brge/methylclock@main:data/","EH6079",NA
"cpgs.bn","cpgs.bn","character","431","",1488,"2df06bf5c0b94c901e850e289ba9c0535aa84c2822c88cf29a0cbc69678b2f84","git:isglobal-brge/methylclock@main:data/","EH6068",NA
"MethylationDataExample55","MethylationDataExample55","spec_tbl_df","27578x17","ProbeID|GSM946048|GSM946049|GSM946052|GSM946054|GSM946055|GSM946056|GSM946059|GSM946062|GSM946064|GSM946065|GSM946066|GSM946067|GSM946073|GSM946074|GSM946075|GSM946076",3136244,"d8f91767d8e3a4e8d0e83191f181f2e6ee692a1ab75ff8da0677690d4b46f251","git:isglobal-brge/methylclock@main:data/","EH6080",NA
"probeAnnotation21kdatMethUsed","probeAnnotation21kdatMethUsed","data.frame","21368x7","Name|Gene_ID|GenomeBuild|Chr|MapInfo|SourceVersion|goldstandard2",455118,"359df6f13ad947edcc72e9bfa020c7d03e195be9e3c2000611881c867b7b5e5b","git:isglobal-brge/methylclock@main:data/","EH6081",NA
"progress_data","progress_data","spec_tbl_df","148x151","CpGmarker|784|1052|1048|1017|956|1038|989|946|941|1024|1047|1035|988|939|936|748|1031|903|864|874|898|1013|971|966|866|924|931|1007|954|958|1037|965|1008|1005|962|979|881|876|764|743|987|930|1023|928|910|897|1036|904|769|907|821|990|747|753|843|761|819|820|802|805|870|817|1040|815|952|974|951|929|980|911|927|914|841|912|969|754|1053|884|878|909|810|863|925|853|857|850|950|1027|948|970|831|813|1051|913|1015|1054|937|1006|940|827|791|991|839|818|828|774|845|797|998|767|1034|938|944|854|882|886|765|848|892|1050|957|984|993|961|975|920|814|812|923|880|906|875|785|890|949|999|1021|945|894|887|1010|972|978|1009|926|901|896|996|1022|943",166068,"1486d52d0fed58984115458621245ec27be6d9c61aa4eaac00944584f1802908","git:isglobal-brge/methylclock@main:data/",NA,NA
"progress_vars","progress_vars","tbl_df","150x3","id|birthweight|EGA",1296,"b1c222996f3869b1f7ec0cb701bf03db7c8700fece634092054f557002b10238","git:isglobal-brge/methylclock@main:data/",NA,NA
"references","andrews and bakulski cord blood","list","7","",17055705,"9021935aa3fb1b318b8cb5b94434d098dbea6c0c4e5c1c8e8a1471356b70df28","git:isglobal-brge/methylclock@main:data/","EH6083",NA
"references","blood gse35069","list","7","",17055705,"9021935aa3fb1b318b8cb5b94434d098dbea6c0c4e5c1c8e8a1471356b70df28","git:isglobal-brge/methylclock@main:data/","EH6083",NA
"references","blood gse35069 chen","list","7","",17055705,"9021935aa3fb1b318b8cb5b94434d098dbea6c0c4e5c1c8e8a1471356b70df28","git:isglobal-brge/methylclock@main:data/","EH6083",NA
"references","blood gse35069 complete","list","7","",17055705,"9021935aa3fb1b318b8cb5b94434d098dbea6c0c4e5c1c8e8a1471356b70df28","git:isglobal-brge/methylclock@main:data/","EH6083",NA
"references","combined cord blood","list","7","",17055705,"9021935aa3fb1b318b8cb5b94434d098dbea6c0c4e5c1c8e8a1471356b70df28","git:isglobal-brge/methylclock@main:data/","EH6083",NA
"references","cord blood gse68456","list","7","",17055705,"9021935aa3fb1b318b8cb5b94434d098dbea6c0c4e5c1c8e8a1471356b70df28","git:isglobal-brge/methylclock@main:data/","EH6083",NA
"references","gervin and lyle cord blood","list","7","",17055705,"9021935aa3fb1b318b8cb5b94434d098dbea6c0c4e5c1c8e8a1471356b70df28","git:isglobal-brge/methylclock@main:data/","EH6083",NA
"references","guintivano dlpfc","list","7","",17055705,"9021935aa3fb1b318b8cb5b94434d098dbea6c0c4e5c1c8e8a1471356b70df28","git:isglobal-brge/methylclock@main:data/","EH6083",NA
"references","saliva gse48472","list","7","",17055705,"9021935aa3fb1b318b8cb5b94434d098dbea6c0c4e5c1c8e8a1471356b70df28","git:isglobal-brge/methylclock@main:data/","EH6083",NA
"TestDataset","TestDataset","data.frame","27236x4","CpGName|Sample1|Sample2|Sample3",784212,"d45de6fb0fa6a281cb720c99a7a3aea70dd3b056740f35e2f9c3b54cb0b85317","git:isglobal-brge/methylclock@main:data/","EH6082",NA
"coefVidalBralo","coefVidalBralo","data.frame","9x2","CpGmarker|CoefficientTraining",303,"5a4125e0ba95d0eabadb7b612542cf8a1070ac3f3227e65bda33eaaa5387cf69","Vidal-Bralo 2016 Front Genet 7:126 Table 2 (CC-BY)","EH10466","10.5281/zenodo.21840402"
"coefEpiTOC1","coefEpiTOC1","data.frame","385x1","CpGmarker",2000,"55f1c27a4dced76f428df023e98796138d05f42f476f2188dea1cefec4bf8a1d","EpiMitClocks (github.com/aet21/EpiMitClocks); CpG list CC-BY","EH10467","10.5281/zenodo.21840402"
"coefHypoClock","coefHypoClock","data.frame","678x1","CpGmarker",3611,"c655ffe6d9ac13d39ce889dda02f0234e5a99c21627d99adcb4c513a7130e02e","EpiMitClocks (github.com/aet21/EpiMitClocks); CpG list CC-BY","EH10468","10.5281/zenodo.21840402"
"coefStemTOC","coefStemTOC","data.frame","371x1","CpGmarker",2084,"f3ff27d98dc02e580c8691d317c565b4e27f1e729db3b8173f84dbd2269a49d5","EpiMitClocks (github.com/aet21/EpiMitClocks); CpG list CC-BY","EH10469","10.5281/zenodo.21840402"
"coefCausAge","coefCausAge","data.frame","586x2","CpGmarker|CoefficientTraining",8132,"57dc40173de58bc9c9a1243391d1e3d6914a9a70d50c6cd6a4df8624cc8c4ae1","biolearn bio-learn/biolearn (Ying 2024), BSD-3","EH10470","10.5281/zenodo.21840402"
"coefDamAge","coefDamAge","data.frame","1090x2","CpGmarker|CoefficientTraining",14272,"c469500f3d9d62cbd0d456668b6faec73fa7f3e57064e97a841805794b9eb37f","biolearn bio-learn/biolearn (Ying 2024), BSD-3","EH10471","10.5281/zenodo.21840402"
"coefAdaptAge","coefAdaptAge","data.frame","1000x2","CpGmarker|CoefficientTraining",13393,"71ad6ca91d3eb73a39178172d2d22c5ce59e3cca61d8e5e9da537a106dd8e31f","biolearn bio-learn/biolearn (Ying 2024), BSD-3","EH10472","10.5281/zenodo.21840402"
"coefLin","coefLin","data.frame","100x2","CpGmarker|CoefficientTraining",1651,"7c5987752beb4323629d020b0e227b70e96656d5fe2ccd9dc820a4017dc5d113","Lin 2016 Aging 8:394 Suppl Table 1 (99-CpG)","EH10473","10.5281/zenodo.21840402"
"coefWeidner","coefWeidner","data.frame","4x2","CpGmarker|CoefficientTraining",239,"9a3feb7d0c500f9ccdb61ffe243775587fa21b082536142bb1260c566cd39645","Weidner 2014 Genome Biol 15:R24 (3-CpG; PDE4C=cg17861230 array probe)","EH10474","10.5281/zenodo.21840402"
"coefAltumAgeRef","coefAltumAgeRef","character","20318","CpGmarker",78879,"fb86a44a4923ca8d76f2fff864ed06e40bc8d8e7fb127902d0354e84c213879f","biolearn AltumAge.csv order (de Lima Camillo 2022)","EH10475","10.5281/zenodo.21840402"
"coefAltumAge","coefAltumAge","hdf5","weights+scaler","",3821682,"eca294f39c3330fac105fbe152893b1fbb1a0e40384fecc1719ac6772d2c441c","AltumAge net weights (biolearn AltumAge.pt) -> HDF5 via BigDataStatMeth","EH10476","10.5281/zenodo.21840402"
"coefMcCartneySmoking","coefMcCartneySmoking","data.frame","233x2","CpGmarker|CoefficientTraining",3522,"7d54824c84b808ca5e61102a5bce59e63addf1a47164a691a5927de1abc8110a","biolearn bio-learn/biolearn (McCartney 2018), BSD-3","EH10477","10.5281/zenodo.21840402"
"coefMcCartneyAlcohol","coefMcCartneyAlcohol","data.frame","450x2","CpGmarker|CoefficientTraining",6473,"ab8da61066b297b3f1eea713552e188e3a25fc55cf7e57f5d9aba9918c49f9b5","biolearn bio-learn/biolearn (McCartney 2018), BSD-3","EH10478","10.5281/zenodo.21840402"
"coefMcCartneyBMI","coefMcCartneyBMI","data.frame","1109x2","CpGmarker|CoefficientTraining",15453,"513018de49d7dfe5eae5cc9cf9ea589991583b1654f9605e4ba29dc67a92ef5d","biolearn bio-learn/biolearn (McCartney 2018), BSD-3","EH10479","10.5281/zenodo.21840402"
"coefMcCartneyBodyFat","coefMcCartneyBodyFat","data.frame","968x2","CpGmarker|CoefficientTraining",13582,"06f7a91d29737e97928a6ea0027541bfd7aa0381749229b3fbf5af526f5f4014","biolearn bio-learn/biolearn (McCartney 2018), BSD-3","EH10480","10.5281/zenodo.21840402"
"coefMcCartneyEducation","coefMcCartneyEducation","data.frame","373x2","CpGmarker|CoefficientTraining",5432,"3c931a703f527076d6239032ac9ab30eec66b9f46d501555b40936738bd74de8","biolearn bio-learn/biolearn (McCartney 2018), BSD-3","EH10481","10.5281/zenodo.21840402"
"coefMcCartneyHDL","coefMcCartneyHDL","data.frame","737x2","CpGmarker|CoefficientTraining",10412,"b11bd9ab13a3f51653c7c0fde72581c39c6ab9fa45d2a6cd62f410d90753cf5d","biolearn bio-learn/biolearn (McCartney 2018), BSD-3","EH10482","10.5281/zenodo.21840402"
"coefMcCartneyLDL","coefMcCartneyLDL","data.frame","233x2","CpGmarker|CoefficientTraining",3517,"f33ebcac4935c0a9c0b91272e82d0957679920a7b3d01ff40816d29135b836a3","biolearn bio-learn/biolearn (McCartney 2018), BSD-3","EH10483","10.5281/zenodo.21840402"
"coefMcCartneyTotalChol","coefMcCartneyTotalChol","data.frame","204x2","CpGmarker|CoefficientTraining",3113,"c88629c39b686d79637bb7e8441825bfddd212a539ae6897bf64d1a34220ea39","biolearn bio-learn/biolearn (McCartney 2018), BSD-3","EH10484","10.5281/zenodo.21840402"
"coefRepliTali","coefRepliTali","data.frame","88x2","CpGmarker|CoefficientTraining",1477,"2cdcd1c7fdbc0a499c3f0cd8e904327835b6565fa7ced4d63aca51abcfc9f929","EpiMitClocks (Endicott 2022), CC-BY","EH10485","10.5281/zenodo.21840402"
"coefMcCigarette","coefMcCigarette","data.frame","1255x2","CpGmarker|CoefficientTraining",17430,"70f0d0c8910775b0c17367e6e86d58fbad709a9c516bb6013185e9d4d8427a8d","github aleksandra-chybowska/Smoking_EpiScore (Chybowska 2025), MIT","EH10486","10.5281/zenodo.21840402"
"coefEpiTOC2","coefEpiTOC2","data.frame","163x3","CpGmarker|delta|beta0",1345,"0a6364848324fae9cd2763915c38f572a8cdd90a461e5121d864c7f5bcc27bbd","EpiMitClocks (Teschendorff 2020), CC-BY","EH10487","10.5281/zenodo.21840402"
"coefGarma","coefGarma","data.frame","4963x3","CpGmarker|CoefficientTraining|power",57188,"30da8bf93cd30c056dbd5605d175367be1add21feab2f23066ab88e39a1b8599","Garma & Quintela-Fandino 2024 Genome Med 16:116 Additional file 5 Table S5 (General model; CC BY-NC-ND)","EH10518","10.5281/zenodo.22069904"
